Athlete,Year,Team,Time,Wind,Year_next_year,Next Year Time,Predicted
"Larkins, Micah",JR-3,Northwestern St.,10.02,3.6,SR-4,10.1,10.1
"Ewers, Andre",JR-3,Florida State,10.04,3.6,SR-4,10.06,10.06
"Gillespie, Cravon",JR-3,Oregon,10.05,2.9,SR-4,9.97,9.97
"Jefferson, Chris",JR-3,Sam Houston St.,10.08,3.6,SR-4,10.2,10.2
"Oduduru, Divine",SO-2,Texas Tech,10.1,1.4,JR-3,9.94,9.94
"Williams, Waseem",SO-2,Purdue,10.1,1.2,JR-3,10.2,10.2
"Quinn, Devin",JR-3,Illinois,10.11,3.4,SR-4,10.06,10.06
"Walter, Keitavious",JR-3,Alabama,10.12,0.9,SR-4,10.11,10.11
"Williams, Mustaqeem",JR-3,Tennessee,10.12,1.1,SR-4,10.08,10.08
"Willis, Maxwell",SO-2,Baylor,10.12,1.3,JR-3,10.21,10.21
"Burke, Mario",JR-3,Houston,10.13,-0.2,SR-4,9.95,9.95
"Lewis III, John",JR-3,Houston,10.13,3.5,SR-4,10.53,10.53
"Kemp, Demek",JR-3,South Carolina St.,10.15,2.9,SR-4,10.03,10.03
"Clark, Ryan",JR-3,Florida,10.16,2.1,SR-4,10.3,10.3
"Amoah, Joseph",SO-2,Coppin State,10.2,1.1,JR-3,10.09,10.09
"West, McKinely",JR-3,Southern Miss.,10.2,0.1,SR-4,10.13,10.13
"Tait, Emmanuel",SO-2,Samford,10.2,2.7,JR-3,10.6,10.6
"Charleston, Cravont",SO-2,North Carolina St.,10.21,-0.3,JR-3,10.17,10.17
"Thomas, Justin",JR-3,Jackson State,10.21,2.4,SR-4,10.39,10.39
"Rowe, Rodney",JR-3,N. Carolina A&T,10.22,1.9,SR-4,10.05,10.05
"Hudson, Andrew",JR-3,Texas Tech,10.26,0.8,SR-4,10.13,10.13
"Harrison, Eric",FR-1,Ohio State,10.28,-0.5,SO-2,10.26,10.26
"Virgil, Jalen",FR-1,Appalachian State,10.29,3.4,SO-2,10.3,10.3
"Barnum, Alexander",SO-2,USC,10.29,0.4,JR-3,10.42,10.42
"Walker, Jullane",SO-2,Kansas State,10.3,0.7,JR-3,10.35,10.35
"McConico, Kwantreyl",JR-3,Tennessee,10.3,1.2,SR-4,10.56,10.56
"Johnson, Josiah",JR-3,Citadel,10.3,2.9,SR-4,10.32,10.32
"Flournoy, Jaron",JR-3,LSU,10.32,1.9,SR-4,10.12,10.12
"DeMoss, Davon",JR-3,Memphis,10.32,0.2,SR-4,10.05,10.05
"Haraway, Darryl",JR-3,Florida State,10.32,1.1,SR-4,10.43,10.43
"Smith, Tyler",JR-3,McNeese State,10.32,3.2,SR-4,10.27,10.27
"Haynes, Deontre",JR-3,UT-Arlington,10.33,3.3,SR-4,10.29,10.29
"Comick, Jace",SO-2,Texas A&M,10.33,1.1,JR-3,10.22,10.22
"Sheffield, Joseph",FR-1,Oklahoma,10.33,1.3,SO-2,10.24,10.24
"Elam, Alex",JR-3,South Alabama,10.33,2.7,SR-4,10.75,10.75
"Cole, Clinton",JR-3,Incarnate Word,10.34,3.0,SR-4,10.35,10.35
"Mosby, Correion",JR-3,LSU,10.34,1.5,SR-4,10.43,10.43
"Woodard, Antonio",SO-2,Iowa,10.34,2.6,JR-3,10.4,10.4
"Ford, Alize",SO-2,Alabama,10.35,2.4,JR-3,10.3,10.325
"Kowalchuk, Karson",SO-2,Miss State,10.35,2.4,JR-3,10.35,10.325
"Turner, Roman",FR-1,Texas Southern,10.35,1.5,SO-2,10.41,10.41
"Matiyenga, Tinotenda",FR-1,TCU,10.38,0.7,SO-2,10.32,10.32
"Spike, Norris",JR-3,Alabama State,10.38,2.8,SR-4,10.35,10.35
"McBride, Isaiah",JR-3,UT-Arlington,10.39,3.3,SR-4,10.34,10.34
"Richard, Tyrell",JR-3,South Carolina St.,10.39,2.9,SR-4,10.44,10.44
"Alexander, Nicholas",FR-1,Houston,10.39,2.3,SO-2,10.21,10.305
"Patterson, Shannon",JR-3,North Carolina St.,10.39,2.1,SR-4,10.6,10.6
"Harry, Kie'Ave",SO-2,Northwestern St.,10.4,3.2,JR-3,10.31,10.31
"Denmark, Kahlim",SR-4,Coastal Carolina,10.4,3.6,SR-4,10.5,10.5
"Hislop, Akanni",SO-2,LSU,10.4,1.5,JR-3,10.19,10.19
"Carr, Tre'Darius",FR-1,Northwestern St.,10.4,1.7,SO-2,10.38,10.38
"Harris, Kent",JR-3,Long Beach St.,10.4,3.7,JR-3,10.59,10.59
"Singleton, Darrell",SO-2,South Carolina,10.41,2.9,JR-3,10.23,10.23
"Navarro, Gabe",FR-1,Stanford,10.41,2.9,SO-2,10.44,10.44
"Charles, Ja'Maun",JR-3,Washington St.,10.41,3.8,JR-3,10.61,10.61
"Morton, Naukym",SO-2,Northeastern,10.41,0.7,JR-3,10.8,10.8
"Hewing, Jordan",FR-1,Kennesaw State,10.42,0.8,SO-2,10.5,10.5
"Webb, Jackson",SO-2,Oklahoma,10.42,0.7,JR-3,10.41,10.41
"Shannon, Jason",FR-1,Illinois,10.42,3.4,SO-2,10.5,10.5
"Gray, Nick",JR-3,Ohio State,10.43,1.6,SR-4,10.15,10.15
"Clarke, Daniel",FR-1,South Dakota St.,10.43,3.6,SO-2,10.63,10.63
"Porter, Thaddeus",FR-1,South Alabama,10.43,2.1,SO-2,10.83,10.675
"Felix, Chris",SO-2,Jackson State,10.44,2.8,SR-4,10.5,10.5
"Maguranyanga, Kundai",FR-1,Drake,10.44,2.1,SO-2,10.48,10.42
"Vaughn, Andre",JR-3,Army West Point,10.44,3.7,SR-4,10.51,10.51
"Johnson, Jabari",SO-2,Appalachian State,10.44,2.5,JR-3,10.52,10.52
"Morgan, Marvin",FR-1,Penn,10.44,2.1,SO-2,10.36,10.42
"House, Rasaun",FR-1,Cal St. Fullerton,10.44,3.5,SO-2,10.53,10.53
"Daniel, Rieker",FR-1,Oregon,10.45,3.8,SO-2,10.39,10.39
"Schmidt, Spenser",JR-3,Oregon,10.45,0.7,SR-4,10.32,10.32
"Lane, Brandan",JR-3,Eastern Illinois,10.46,2.3,SR-4,10.68,10.68
"Sagesse, Chedlin",JR-3,Southern Miss.,10.46,0.1,SR-4,10.55,10.55
"Brown, Keith",FR-1,Norfolk State,10.46,2.0,SO-2,10.39,10.39
"East, David",FR-1,Alabama State,10.46,2.4,SO-2,10.47,10.47
"Lexo, Evan",SO-2,Navy,10.46,3.9,JR-3,10.42,10.42
"Jewell, Zachary",SO-2,Central Arkansas,10.46,2.5,JR-3,10.64,10.64
"Sorensen, Derek",JR-3,BYU,10.46,0.8,JR-3,10.53,10.53
"Smith, Dontavian",FR-1,North Carolina,10.47,1.5,SO-2,10.69,10.69
"Brown, Washington",FR-1,Texas,10.47,0.8,SO-2,10.33,10.33
"Kimble, Justin",SO-2,Mount St. Mary's,10.48,1.3,JR-3,10.4,10.4
"Ejiakuekwu, Roy",JR-3,Arkansas,10.48,1.7,SR-4,10.37,10.37
"Winfrey, Khalil",SO-2,Washington,10.49,3.8,JR-3,10.4,10.4
"Dodge, Jack",FR-1,Central Michigan,10.5,2.2,SO-2,10.8,10.8
"Garrett, Brenan",JR-3,Hampton,10.5,3.0,JR-3,10.79,10.79
"Vaughns, Vincent",SO-2,Yale,10.5,3.2,JR-3,10.61,10.61
"PORTER, Darien",FR-1,North Texas,10.5,2.6,SO-2,10.38,10.38
"Watson, Aaron",JR-3,Navy,10.51,3.7,SR-4,10.5,10.5
"Cunningham, Isaiah",FR-1,Baylor,10.51,0.1,SO-2,10.42,10.42
"Hilton, Coby",FR-1,South Dakota St.,10.51,2.2,SO-2,10.39,10.45
"Chier, Aaron",JR-3,Drake,10.51,3.0,SR-4,10.68,10.68
"Reagan, Joe",JR-3,South Dakota,10.51,2.2,SR-4,10.84,10.84
"Delince, Karon",FR-1,East Tenn. St.,10.51,2.9,SO-2,10.66,10.66
"Hayes, Austin",JR-3,Western Kentucky,10.51,1.8,SR-4,10.57,10.57
"Bass, Christian",SO-2,Charlotte,10.52,2.2,JR-3,10.54,10.54
"Hari, Kristoffer",FR-1,Arkansas,10.52,0.5,SO-2,10.26,10.26
"Shellmire, Julius",JR-3,Oregon,10.52,3.8,SR-4,10.43,10.43
"Brown, Xavier",SO-2,Oklahoma,10.52,2.4,JR-3,10.64,10.64
"Cumberbatch, Jebarri",JR-3,SE Louisiana,10.52,1.6,SR-4,10.55,10.55
"Petty, Lamarco",FR-1,Mid. Tenn. State,10.52,1.8,SO-2,10.63,10.63
"Bush, William",JR-3,Western Kentucky,10.52,2.6,SR-4,10.46,10.46
"Dzvokora, Tatenda",JR-3,North Dakota State,10.52,3.6,SR-4,10.87,10.87
"Simpson, Maurice",JR-3,Georgia Tech,10.52,2.9,SR-4,10.46,10.46
"Kirby, Bryce",JR-3,Boise State,10.53,3.0,SR-4,10.36,10.309999999999999
"Bell, Jailen",SO-2,Jackson State,10.53,1.5,JR-3,10.33,10.33
"Persiado, Imri",SO-2,Memphis,10.54,0.7,SO-2,10.45,10.45
"Rogers, Calvary",JR-3,Penn,10.54,0.4,SR-4,10.55,10.516666666666667
"Menchaca, Zach",JR-3,Cornell,10.54,0.4,SR-4,10.56,10.516666666666667
"Outlaw, Napoleon",FR-1,Oakland,10.54,1.5,SO-2,10.75,10.75
"McClinton, Donald",FR-1,Louisville,10.54,1.4,SO-2,10.56,10.56
"Sims, Ben",JR-3,Army West Point,10.55,3.9,SR-4,10.98,10.98
"Hunter, Jeremiah",SO-2,Miami (Ohio),10.55,2.2,JR-3,10.38,10.38
"Dauphine, Corey",JR-3,Tulane,10.55,0.2,SR-4,10.71,10.71
"Zallow, Chad",JR-3,Youngstown St.,10.55,1.2,SR-4,10.56,10.56
"Spears, Tyson",SO-2,Georgia Tech,10.55,3.5,JR-3,10.62,10.62
"Maloka , Lebogang",SO-2,TCU,10.56,0.8,JR-3,10.71,10.71
"Pringle, Devin",SO-2,Coastal Carolina,10.56,2.4,JR-3,10.56,10.56
"Leuthner, Andrew",JR-3,Incarnate Word,10.56,3.0,SR-4,10.45,10.45
"Davenport, Michael",SO-2,Virginia Tech,10.56,2.1,JR-3,10.68,10.68
"Kammler, Fabio",JR-3,UC Davis,10.57,3.7,JR-3,10.82,10.82
"Bailey, Henrick",SR-4,Bethune-Cookman,10.57,-0.1,SR-4,10.94,10.94
"Mhonde, Tadiwanashe",FR-1,Eastern Illinois,10.57,2.3,SO-2,10.69,10.69
"Seawright, Daniel",FR-1,South Carolina St.,10.57,1.2,SO-2,10.47,10.47
"Paramore, Joshua",JR-3,Charleston Southern,10.58,0.9,SR-4,10.46,10.46
"Griffin, Denvoir",SO-2,Wichita State,10.58,3.6,JR-3,10.73,10.73
"Burnett, Nigel",JR-3,UC Davis,10.58,1.8,SR-4,10.58,10.58
"Smith, Akiel",SO-2,Central Connecticut,10.58,1.6,JR-3,10.5,10.5
"Andrews, Keshawn",FR-1,Arkansas-Little Rock,10.58,3.4,SO-2,10.32,10.32
"Braxton, Ian",SO-2,Baylor,10.58,1.3,JR-3,10.56,10.56
"Gay, Darryl",FR-1,Florida State,10.58,0.9,SO-2,10.32,10.32
"Henderson, Bryan",SO-2,Sam Houston St.,10.58,3.2,JR-3,10.37,10.37
"Davis, Keith",JR-3,South Alabama,10.59,2.3,JR-3,10.63,10.615
"Egbo, David",JR-3,Arizona,10.59,0.7,SR-4,10.7,10.7
"Foster, Emanuel",SO-2,Ole Miss,10.59,3.3,JR-3,10.7,10.7
"Carr, Curtis",SO-2,Campbell,10.59,0.9,JR-3,10.49,10.49
"Mason, Grant",FR-1,Lipscomb,10.59,0.8,SO-2,10.54,10.54
"Zenner, Sam",SO-2,South Dakota St.,10.6,3.0,JR-3,10.51,10.51
"Chambers, Mykel",JR-3,Cincinnati,10.6,0.2,SR-4,10.64,10.64
"Bishop, Quinest",FR-1,Troy,10.6,3.6,SO-2,10.45,10.45
"Roberts, Issac",JR-3,N.C. Central,10.6,1.5,SR-4,10.64,10.64
"Lang, Shandon",JR-3,New Orleans,10.6,1.7,JR-3,10.84,10.84
"Hodges, Keshaun",SR-4,Coppin State,10.61,2.0,SR-4,10.65,10.65
"Nelson, Adam",SO-2,DePaul,10.61,1.6,JR-3,10.69,10.69
"Patterson, Darius",JR-3,Western Illinois,10.61,2.2,SR-4,10.81,10.81
"Elliott, Isaac",FR-1,Duquesne,10.61,1.9,SO-2,10.62,10.62
"Texada, Raleigh",FR-1,Baylor,10.62,0.7,SO-2,10.61,10.61
"Beck, Alex",JR-3,Cornell,10.62,2.9,SR-4,10.8,10.8
"McKenzie, Ricordo",SO-2,Chicago State,10.62,2.3,JR-3,10.5,10.55
"Harris, Brandon",JR-3,Kent State,10.62,3.0,SR-4,10.61,10.61
"Slaton, Kewan",SO-2,Tennessee-Martin,10.62,3.1,JR-3,11.15,11.15
"Austin, Calvin",FR-1,Memphis,10.63,0.2,SO-2,10.54,10.54
"Penington, Conor",FR-1,South Dakota,10.63,3.6,SO-2,10.84,10.84
"Marx, Jace",JR-3,Wyoming,10.63,3.0,SR-4,10.82,10.82
"Nelson, Zach",FR-1,Minnesota,10.63,-0.5,SO-2,10.5,10.5
"Daniels, Le'Gari",FR-1,Abilene Christian,10.63,1.9,SO-2,10.84,10.84
"Green, Randy",FR-1,Bethune-Cookman,10.64,1.1,SO-2,10.71,10.71
"Santana, Kemuel",FR-1,Washington,10.64,2.2,SO-2,10.51,10.51
"Nicholas, Desmond",SO-2,Michigan,10.64,0.4,JR-3,10.63,10.63
"Glenn, Devin",SO-2,Tulane,10.64,-3.1,JR-3,10.74,10.74
"Larson, Landon",SO-2,South Dakota St.,10.64,2.2,JR-3,10.75,10.75
"Elmore, Tyler",FR-1,Loyola (Ill.),10.64,2.4,SO-2,10.84,10.84
"Raspo, Andrew",SO-2,Ole Miss,10.64,1.4,JR-3,10.55,10.55
"Webb, Jonathan",SO-2,Minnesota,10.64,1.1,JR-3,10.65,10.65
"Michael-Khensu, Jabari",SO-2,Pittsburgh,10.64,1.7,JR-3,10.71,10.71
"Bishop, Andrew",JR-3,Memphis,10.64,1.3,SR-4,10.48,10.48
"Tisdel, AJ",JR-3,Sam Houston St.,10.64,3.8,SR-4,10.76,10.76
"Williams, Jordan",SO-2,Bethune-Cookman,10.64,3.6,JR-3,10.72,10.72
"Syrie, Tyler",SO-2,McNeese State,10.64,2.3,JR-3,10.46,10.46
"Lanier, Demetrius",JR-3,Navy,10.64,1.2,SR-4,10.63,10.63
"Butler, JT",JR-3,North Dakota State,10.64,0.6,SR-4,10.62,10.62
"Carder, Jordan",JR-3,Utah Valley,10.65,3.2,SR-4,10.54,10.54
"O'Brien, James",JR-3,UMass Lowell,10.65,2.5,SR-4,10.63,10.63
"Dixon, Devin",JR-3,SE Louisiana,10.65,3.6,SR-4,10.68,10.68
"Canady, Braxton",SO-2,Oregon,10.65,3.0,JR-3,10.95,10.95
"Albus, Nick",JR-3,Kansas State,10.66,3.1,SR-4,10.65,10.65
"Edwards, Greg",JR-3,Liberty,10.66,0.9,SR-4,10.83,10.83
"Wiltshire, Deondre",FR-1,UT-Arlington,10.66,3.4,SR-4,10.84,10.84
"Diaz, Omar",FR-1,Kennesaw State,10.66,0.8,SO-2,10.54,10.54
"Porter, Anton",JR-3,Penn State,10.66,1.4,SR-4,10.86,10.86
"Hite, Nathan",JR-3,Texas A&M,10.66,1.1,SR-4,10.6,10.6
"COLE, James",JR-3,North Texas,10.66,1.8,SR-4,10.9,10.9
"Napier, Garfield",FR-1,Albany,10.67,2.6,SO-2,10.52,10.52
"Beckom, Sean",SO-2,Eastern Michigan,10.68,2.5,JR-3,10.66,10.66
"Randrianasolo, Yann",SR-4,South Carolina,10.68,3.0,SR-4,10.78,10.78
"Gunnarsson, Kolbeinn",SO-2,Memphis,10.68,3.4,JR-3,10.89,10.89
"Hericks, Mason",SO-2,Nebraska,10.68,3.1,JR-3,10.47,10.47
"Lucas, Jordan",JR-3,Washington,10.68,1.9,SR-4,10.53,10.53
"Cisneros, Erik",JR-3,UC Riverside,10.68,3.8,SR-4,10.8,10.8
"Mulugata, Xavier",SO-2,LSU,10.68,0.9,JR-3,10.84,10.84
"Little, Josh",JR-3,Western Carolina,10.68,3.3,SR-4,10.91,10.91
"Goldston, Alejandro",SO-2,New Mexico,10.68,2.9,JR-3,10.84,10.84
"Tincher, DeVonte",FR-1,SIU Edwardsville,10.69,1.9,SO-2,10.92,10.92
"Cooper, Tayshaun",FR-1,Northern Iowa,10.69,2.1,SO-2,10.74,10.74
"Moore, Gabe",JR-3,Arkansas,10.69,1.1,SR-4,10.71,10.71
"Williams, Caleb",JR-3,LIU Brooklyn,10.7,1.7,SR-4,10.66,10.66
"Marion, Branndon",SO-2,California,10.7,1.0,JR-3,10.86,10.86
"Sands, Alex",SO-2,Clemson,10.7,1.3,JR-3,10.53,10.53
"Robinson III, Clifford",FR-1,Wichita State,10.7,2.7,SO-2,10.77,10.77
"CAMPBELL, Abdon",FR-1,North Texas,10.7,2.2,SO-2,10.64,10.64
"Lucas, Brendan",SO-2,Youngstown St.,10.7,2.2,JR-3,10.77,10.77
"Boos, Connor",JR-3,Marquette,10.71,1.6,SR-4,10.86,10.86
"Fantroy, Rickey",SO-2,BYU,10.71,3.8,JR-3,11.03,11.03
"Dotson, Malcolm",SO-2,Purdue,10.71,2.6,SR-4,10.53,10.53
"Turcotte, Matt",JR-3,Northern Iowa,10.71,0.3,JR-3,11.0,11.0
"Smalley, Brad",SO-2,Liberty,10.71,1.4,JR-3,10.87,10.87
"Matzelle, Greg",SO-2,Binghamton,10.71,0.9,JR-3,10.54,10.54
"Alexander, Jamik",JR-3,VCU,10.71,-0.8,SR-4,10.93,10.93
"Feagin, Lonzell",FR-1,Pittsburgh,10.71,1.7,SO-2,10.78,10.78
"Robinson, Jaysen",FR-1,SE Louisiana,10.72,2.0,SO-2,10.55,10.55
"Powell, Davian",FR-1,George Mason,10.72,3.6,SO-2,10.8,10.8
"Burt, John",JR-3,Texas,10.72,0.7,SR-4,10.74,10.74
"Nance, Antoine",FR-1,USC Upstate,10.72,0.8,SO-2,10.57,10.57
"Frederick, Christopher",FR-1,Saint Francis University,10.72,1.7,SO-2,10.62,10.62
"Woods, Alonzo",FR-1,Incarnate Word,10.72,3.0,SO-2,11.06,11.06
"Bapoupeleh, John",SO-2,Wofford,10.72,1.6,JR-3,10.94,10.94
"Brown, Jeffrey",SO-2,Bucknell,10.73,3.0,JR-3,10.85,10.85
"Gauthier, Joe",FR-1,Eastern Washington,10.73,1.3,SO-2,10.57,10.57
"Smith, Darius",SO-2,UCLA,10.73,2.3,SR-4,10.81,10.81
"Ebozue, Collins",JR-3,Northeastern,10.73,3.4,SR-4,10.92,10.92
"Miller, Elijah",FR-1,Tennessee,10.73,0.3,SO-2,10.48,10.48
"Nichols, Chandler",SO-2,Kennesaw State,10.74,1.7,JR-3,10.84,10.84
"Shaw, Jarel",FR-1,Indiana State,10.74,1.4,SO-2,10.56,10.56
"O'Connor, Dametrius",FR-1,Northeastern,10.74,2.4,SO-2,10.73,10.73
"Massey, Ibrahim",SO-2,Monmouth,10.74,2.7,SO-2,10.87,10.87
"Mullanix, Cory",SO-2,Idaho State,10.74,1.3,JR-3,10.68,10.68
"Ervin, Brenton",FR-1,Appalachian State,10.74,1.1,SO-2,11.06,11.06
"Thompson, Ramarco",JR-3,BYU,10.75,3.2,SR-4,10.89,10.89
"Stewart, Patston",FR-1,FIU,10.75,3.6,SO-2,10.53,10.53
"Menzel, Nico",FR-1,Charlotte,10.75,0.0,SO-2,10.68,10.68
"Baker, Ty'Ron",JR-3,Prairie View,10.75,2.4,SR-4,11.16,11.16
"Addison, Jauan",JR-3,Jackson State,10.75,0.0,SR-4,10.65,10.65
"Carbone, Austin",FR-1,Princeton,10.75,0.8,SO-2,10.8,10.8
"Tay, Joseph",SO-2,Virginia Tech,10.75,2.5,JR-3,10.71,10.71
"Spearman, Donovan",FR-1,Dartmouth,10.75,-0.2,SO-2,10.54,10.54
"Campbell, Kaleb",FR-1,UTSA,10.76,1.3,SO-2,10.61,10.61
"Moore, Nick",FR-1,USC,10.76,0.4,SO-2,10.67,10.67
"Omoera, Samuel",JR-3,Prairie View,10.76,-0.5,SR-4,10.47,10.47
"McDonald, Trenton",FR-1,Houston,10.76,1.4,SO-2,10.6,10.605
"Macauley, Kyle",SO-2,Yale,10.77,3.2,JR-3,10.94,10.94
"McGrath, Joe",SO-2,Princeton,10.77,-0.6,JR-3,10.88,10.88
"Jones , Tyron",SO-2,Alabama State,10.77,1.5,JR-3,10.94,10.94
"Griffin, Jay",FR-1,New Mexico,10.77,1.3,JR-3,10.63,10.63
"Beaumont, Josh",JR-3,Youngstown St.,10.77,2.0,SR-4,10.72,10.72
"Hartsfield , Blake",SO-2,N.C. Central,10.78,3.0,JR-3,10.89,10.89
"Jefferson, Kedrin",FR-1,Army West Point,10.78,1.8,SO-2,10.61,10.605
"Prince, Patrick",JR-3,UTSA,10.78,1.8,SR-4,11.08,11.08
"Bibbs, Travis",JR-3,Arkansas-Pine Bluff,10.78,2.9,SR-4,11.11,11.11
"Molas, Miguel",JR-3,Air Force,10.78,1.0,SR-4,10.65,10.65
"Gardner, Ethan",JR-3,Washington St.,10.78,3.0,SR-4,10.87,10.87
"Pierce, Austin",FR-1,Navy,10.79,2.6,SO-2,10.87,10.87
"Hill, Chris",SO-2,Arkansas State,10.79,3.6,JR-3,10.96,10.96
"Gish, Nathan",JR-3,Colorado St.,10.79,1.1,SR-4,10.62,10.62
"Hooker, Dion",JR-3,Illinois State,10.79,2.6,SR-4,10.7,10.7
"Childs, Steven",JR-3,UC Davis,10.79,0.7,SR-4,11.09,11.09
"Chen, Ethan",SO-2,Penn,10.79,2.9,JR-3,10.82,10.82
"Sharp, Joshua",JR-3,Bethune-Cookman,10.79,3.6,SR-4,10.99,10.99
"Dorsey, Khalil",SO-2,Northern Arizona,10.8,-0.5,JR-3,10.59,10.59
"Hollimon, Miles",FR-1,Davidson,10.8,1.2,SO-2,11.13,11.13
"Jones, Christian",FR-1,Jackson State,10.8,0.8,SO-2,10.63,10.63
"Beaver, Edjim",SO-2,Louisiana Tech,10.8,1.8,FR-1,10.85,10.85
"Rantin, Keon",SO-2,Morgan State,10.8,1.5,SO-2,10.68,10.68
"Posada, Terrell",SO-2,Eastern Michigan,10.81,2.5,JR-3,10.28,10.28
"Washington-Saunders, Chace",SO-2,Western Carolina,10.81,1.9,JR-3,11.05,11.05
"Uzzell, Jeffrey",FR-1,Tennessee,10.81,1.7,SO-2,10.6,10.6
"Strong, Michael",SO-2,New Orleans,10.81,3.0,JR-3,10.9,10.9
"Allison, Chineme",SO-2,Cal Poly,10.81,1.3,JR-3,10.77,10.77
"Carter, Joseph",JR-3,Rhode Island,10.82,2.0,SR-4,10.8,10.8
"Moothery, C. Jordan",JR-3,Indiana State,10.82,-0.3,SR-4,10.82,10.82
"Hicks, Eli",SO-2,Northern Iowa,10.82,3.2,JR-3,10.75,10.75
"Doss, Jonathan",FR-1,Liberty,10.82,3.2,SO-2,10.85,10.85
"Henderson, Traezon",SO-2,UMKC,10.82,1.1,JR-3,10.64,10.64
"Cochran, Callan",JR-3,UC Santa Barbara,10.83,0.7,SR-4,10.62,10.62
"Buckles, Ethan",FR-1,North Dakota,10.83,2.1,SO-2,10.79,10.79
"Adams, Tyler",JR-3,Sam Houston St.,10.83,2.0,SR-4,11.05,11.05
"Bunting, Jayden",FR-1,UTSA,10.83,3.8,SO-2,10.73,10.73
"Clark, Richard",JR-3,Butler,10.83,2.2,SR-4,10.77,10.77
"Sims, Terry",SO-2,Incarnate Word,10.83,1.4,JR-3,10.78,10.78
"Fullerton, Kevin",FR-1,Iona,10.83,2.9,SO-2,10.85,10.85
"Davis, Diab",SO-2,California,10.83,1.6,JR-3,10.52,10.52
"Olie, Emmanuel",FR-1,Arkansas-Little Rock,10.83,3.3,SO-2,10.87,10.87
"Price, Arthur",SR-4,LSU,10.83,0.9,SR-4,10.59,10.59
"Littles, Ray",JR-3,Washington St.,10.84,1.0,SR-4,10.7,10.7
"Turner, Jordan",FR-1,George Mason,10.84,3.6,SO-2,10.71,10.71
"Trahan, Emile",SO-2,UL-Monroe,10.84,1.7,JR-3,11.02,11.02
"Graves, Demetrius",JR-3,Northern Colorado,10.84,2.5,SR-4,10.9,10.9
"Hugle, Keyon",FR-1,Mid. Tenn. State,10.84,2.2,SO-2,10.7,10.7
"Rosembert, Edwin",FR-1,Delaware State,10.84,2.4,JR-3,10.97,10.97
"Hibbert, Ben",SO-2,Cal St. Northridge,10.84,1.6,SR-4,10.84,10.84
"James, Tristan",JR-3,Oregon,10.84,0.3,SR-4,10.74,10.74
"Titgen, Justin",JR-3,Navy,10.84,2.6,SR-4,10.93,10.93
"Collis , Xavier",JR-3,Fairleigh Dickinson,10.84,1.7,SR-4,10.93,10.93
"Johnson, Kenneth",FR-1,UL-Monroe,10.84,0.7,SO-2,10.99,10.99
"Mingo-Long, Qays",FR-1,Arizona,10.84,-0.8,SO-2,10.72,10.72
"Seay, Jared",JR-3,Nebraska,10.85,1.0,SR-4,10.84,10.84
"Joseph, Miguerson",FR-1,Monmouth,10.85,2.9,SO-2,10.74,10.74
"Green, Phillip",JR-3,Texas Tech,10.85,1.6,SR-4,11.01,11.01
"Clafton, Beau",JR-3,New Mexico,10.86,1.6,SR-4,11.05,11.05
"Tenkiang, Chiason",SO-2,Auburn,10.86,-0.5,JR-3,10.9,10.9
"Harris, Ryquan",SO-2,Bucknell,10.86,3.7,JR-3,11.01,11.01
"Lombard, Korey",JR-3,Howard,10.86,3.7,SR-4,10.75,10.75
"Volpe, Trevor",FR-1,Arizona,10.86,2.0,SO-2,10.66,10.66
"Hatch, Andy",JR-3,Illinois State,10.86,1.5,SR-4,10.74,10.74
"Harris, Shane",JR-3,Stony Brook,10.86,3.2,SR-4,11.01,11.01
"Macinnis, Josiah",FR-1,Texas Tech,10.86,0.2,SO-2,10.71,10.71
"Sutton, E'Lias",FR-1,Colorado St.,10.87,1.8,SO-2,10.8,10.8
"Williams, Jordan",JR-3,Citadel,10.87,2.4,SR-4,11.04,11.04
"Drake, Sheldon",SO-2,Oakland,10.87,1.2,JR-3,10.77,10.77
"Lorbeck, Zachary",SO-2,Wisconsin,10.87,0.2,JR-3,10.81,10.81
"Thomas, Jordan",JR-3,Tennessee St.,10.87,2.1,SR-4,11.06,11.06
"Torney, Jordan",FR-1,Connecticut,10.88,0.4,SO-2,10.82,10.82
"Carter, Christopher",FR-1,Arkansas State,10.88,0.7,SO-2,10.75,10.75
"Logan, Karlos",SO-2,Grand Canyon,10.88,1.3,SR-4,10.77,10.77
"Walls, Brandon",SO-2,Texas A&M-CC,10.88,-0.9,SR-4,10.87,10.87
"Allen , Julius",SR-4,Delaware State,10.88,1.5,SR-4,10.7,10.7
"Fortin, Seth",JR-3,Weber State,10.88,0.0,SR-4,10.87,10.87
"Sandefur, Richard",SO-2,Wichita State,10.89,3.2,JR-3,10.98,10.98
"Roderick, Anthony",SO-2,Northeastern,10.89,2.0,JR-3,10.97,10.97
"Williams, Paris",SO-2,Kennesaw State,10.9,1.8,JR-3,10.89,10.89
"Pearson, David",FR-1,Winthrop,10.9,2.9,SO-2,11.02,11.02
"Wilkerson, Braylon",JR-3,LIU Brooklyn,10.9,3.1,SR-4,10.89,10.89
"Wilkerson, Jordan",SO-2,Illinois State,10.9,1.5,JR-3,11.05,11.05
"Dyer, Kevin",JR-3,Army West Point,10.9,0.9,SR-4,10.76,10.76
"Strozier, Lasheon",JR-3,N. Carolina A&T,10.9,1.6,SR-4,11.01,11.01
"Raines, Jonathan",JR-3,Georgia,10.9,1.2,SR-4,10.91,10.91
"Woods, Anthony",SO-2,Cincinnati,10.9,-0.4,JR-3,10.54,10.54
"Harriott, Caniggia",SO-2,Morgan State,10.9,3.0,JR-3,11.16,11.16
"Hagins, Joshua",SO-2,Hampton,10.9,0.5,JR-3,10.76,10.76
"Brosseau, Alex",FR-1,North Dakota State,10.91,3.6,SO-2,10.86,10.86
"Clancy, Kyle",JR-3,UC Davis,10.91,2.3,SR-4,11.04,11.045
"Cephas, Michael",SO-2,Rider,10.92,2.9,JR-3,11.08,11.08
"Taylor-Jones, Alonzo",FR-1,Southern Illinois,10.92,1.9,SO-2,10.91,10.91
"Lee, Evan",SO-2,Penn,10.92,1.8,JR-3,10.92,10.85
"Stuart, Andrew",FR-1,BYU,10.92,1.4,SO-2,10.8,10.8
"Morgan, Ryan",SO-2,UC Santa Barbara,10.92,2.8,JR-3,10.86,10.86
"Amponsah, Kwaku",FR-1,New Jersey Institute,10.92,0.6,SO-2,10.84,10.84
"Lawson, TJ",SO-2,Kent State,10.92,1.8,JR-3,10.78,10.85
"Lane, Austin",FR-1,Utah State,10.93,0.0,SO-2,10.79,10.79
"Kuil, Cameron",FR-1,South Dakota St.,10.93,2.2,SO-2,11.09,11.09
"White, Kobe",JR-3,LIU Brooklyn,10.93,1.3,SR-4,10.89,10.89
"Smith, Satchel",FR-1,Lamar,10.93,1.4,SO-2,10.95,10.95
"McClinton, Dominic",FR-1,Louisville,10.93,1.7,SO-2,11.12,11.12
"Treston, Matthew",FR-1,Arizona,10.93,0.9,JR-3,10.92,10.92
"Domier, Will",SO-2,Colorado St.,10.94,-1.7,JR-3,10.56,10.56
"Howard, Chris",FR-1,UC Santa Barbara,10.94,0.7,SO-2,11.01,11.01
"Gray, Hayden",SO-2,UMass Amherst,10.94,0.9,JR-3,10.88,10.88
"Mixon, Chandler",FR-1,UL-Lafayette,10.94,1.2,SO-2,10.93,10.844999999999999
"Edwards, Davante",JR-3,UTSA,10.94,1.8,SR-4,10.96,10.96
"Bland, DaRon",FR-1,Sacramento St.,10.94,1.2,SO-2,10.76,10.844999999999999
"Klimpke, Ben",SO-2,North Dakota State,10.95,0.9,JR-3,10.88,10.88
"Singletary , Evan",SO-2,UC Irvine,10.95,1.3,JR-3,10.71,10.71
"Guerrant, Nick",SO-2,Michigan State,10.95,2.3,JR-3,10.93,10.93
"Young, Alexander",SO-2,Yale,10.95,3.2,JR-3,10.9,10.9
"Member-Meneh, Lezoghia",SO-2,Alabama State,10.95,-1.1,JR-3,11.1,11.1
"Clark, Trey",JR-3,Hampton,10.96,2.6,SR-4,11.05,11.045
"Heitland, Austin",JR-3,Northern Iowa,10.96,1.5,SR-4,10.99,10.99
"Caston, Parker",SO-2,Cal St. Northridge,10.96,1.1,SR-4,11.05,11.05
"Banks, Terrill",FR-1,McNeese State,10.96,2.3,SO-2,10.87,10.87
"Ogobri, Timiebi",FR-1,Citadel,10.98,1.6,SO-2,10.88,10.88
"Ifediora, Obiajulu",FR-1,Brown,10.98,1.5,SO-2,10.75,10.75
"Afflitto, Paul",SO-2,Wisconsin,10.98,0.6,JR-3,11.04,11.04
"Vestuto, Tim",JR-3,Butler,10.98,0.6,SR-4,11.01,11.01
"Littlejohn, Rodney",SO-2,Incarnate Word,10.98,0.2,JR-3,10.8,10.8
"Porterfield, Quintin",FR-1,Eastern Washington,10.99,2.8,SO-2,11.09,11.09
"Ruffin, AJ",JR-3,Maryland,10.99,1.4,SR-4,10.98,10.98
"Bain, Karon",FR-1,Texas Southern,10.99,0.6,SO-2,10.99,10.99
"Thomas, Ryan",SR-4,Georgia Tech,10.99,2.3,SR-4,11.15,11.15
"Erm, Johannes",FR-1,Georgia,10.99,1.0,SO-2,11.03,11.03
"Williams, Ny-Juan",JR-3,UNC-Greensboro,10.99,1.6,SR-4,11.01,11.01
"Smallwood, Marcquis",FR-1,Rider,10.99,2.9,SO-2,10.98,10.98
"Espinoza, Marcel",SO-2,Cal St. Fullerton,10.99,2.2,JR-3,10.7,10.7
"Williams, Darien",FR-1,Penn State,11.0,-0.5,SO-2,10.82,10.82
"Ollivierre , Ronnie",JR-3,UT-Rio Grande Valley,11.0,1.0,SR-4,10.69,10.69
"Wassell, Kahlil",FR-1,Harvard,11.0,1.0,SO-2,11.08,11.08
"Hagen, Stephen",JR-3,Michigan,11.0,0.4,JR-3,10.78,10.78
"Allen, Asa",JR-3,UC Irvine,11.0,1.8,SR-4,11.14,11.14
"Thomas, Yohance",JR-3,South Carolina,11.01,0.9,SR-4,10.92,10.92
"Ashley, Timothy",SO-2,Florida A&M,11.01,-0.3,JR-3,10.6,10.6
"Henderson, Kwesi",SO-2,LIU Brooklyn,11.01,2.9,JR-3,10.96,10.955
"Bartee, Carlous",FR-1,Savannah State,11.01,1.1,SO-2,10.67,10.67
"Gomez, Rico",JR-3,George Mason,11.01,1.0,SR-4,10.62,10.62
"Tankeh, Charles",FR-1,Hartford,11.02,0.9,SO-2,11.02,11.02
"Pyle, Tom",JR-3,Kansas State,11.02,0.2,SR-4,10.73,10.73
"Coleman, Harrison",SO-2,New Orleans,11.02,1.5,SO-2,11.05,11.05
"Peeples, Nick",FR-1,Davidson,11.02,1.2,SO-2,10.88,10.88
"Solis, Gerom",SO-2,Iona,11.02,2.9,JR-3,10.95,10.955
"Blocker, Dan",FR-1,Northern Iowa,11.02,3.2,SO-2,11.05,11.05
"Pontious, Reece",JR-3,Air Force,11.03,0.0,SR-4,10.64,10.64
"Ayhan, Ekrem",FR-1,Yale,11.03,1.2,SO-2,10.99,10.99
"Wilburgh, Husani",FR-1,FIU,11.04,3.4,SO-2,10.86,10.86
"Fortin, Garrett",SO-2,Holy Cross,11.04,3.7,JR-3,11.04,11.04
"Booth, Aaron",SO-2,Kansas State,11.04,3.1,JR-3,10.95,10.95
"Langdon, Connor",SO-2,Coastal Carolina,11.04,3.0,JR-3,11.14,11.14
"Toles, Jaetavian",FR-1,Tulane,11.05,0.3,SO-2,11.05,11.05
"Manigault , Tyler",FR-1,Western Carolina,11.06,3.4,SO-2,10.88,10.88
"Obiajulu, Vincent",SO-2,Cal Poly,11.06,0.7,JR-3,10.92,10.92
"Howard , Parker",FR-1,South Carolina,11.06,1.7,SO-2,10.92,10.92
"Williams, Harrison",JR-3,Stanford,11.06,1.5,SR-4,10.88,10.88
"Alston, Cory",SO-2,Western Carolina,11.06,1.9,JR-3,10.74,10.74
"Anderson, Joseph",FR-1,Oregon,11.07,0.9,SO-2,10.88,10.88
"King, Adrian",JR-3,Grand Canyon,11.07,-0.6,SR-4,10.89,10.89
"Cunningham, Cody",JR-3,Baylor,11.07,0.0,SR-4,11.12,11.12
"Boggs, Brandon",FR-1,Manhattan,11.08,2.9,SO-2,11.06,11.06
"Papper, Michael",SO-2,Loyola (Ill.),11.08,1.9,JR-3,11.11,11.11
"Stone, Chris",SO-2,Auburn,11.08,1.1,JR-3,11.14,11.14
"Nytes, Trent",JR-3,Wisconsin,11.08,1.6,SR-4,10.98,10.98
"Agyei, Junias",SO-2,George Mason,11.09,-1.1,JR-3,10.97,10.97
"Wise, Darius",FR-1,Central Connecticut,11.09,0.1,SO-2,10.86,10.86
"Mfikwa, Xavier",FR-1,N.C. Central,11.09,1.1,SO-2,11.11,11.11
"Romero , Pablo",SO-2,High Point,11.1,2.3,JR-3,10.92,10.92
"Robinson, Donte",JR-3,Portland State,11.11,2.8,SR-4,11.14,11.14
"Norris, Isaiah",SO-2,Hampton,11.11,3.1,JR-3,11.09,11.09
"Litherland, Quinn",FR-1,Northeastern,11.12,3.4,JR-3,11.01,11.01
"Ose, Benjamin",JR-3,Dartmouth,11.12,0.2,SR-4,11.0,11.0
"West, Justin",JR-3,VCU,11.13,-0.1,SR-4,11.11,11.11
"McFadden, Christian",SO-2,Saint Francis University,11.13,3.0,JR-3,10.77,10.77
"Gabor, Christopher",JR-3,Mount St. Mary's,11.14,1.4,SR-4,11.03,11.03
"Fye-Moore, Miles",FR-1,Central Connecticut,11.14,0.1,SO-2,10.77,10.77
"Brown, Denzell",FR-1,Georgetown,11.14,3.7,SO-2,11.14,11.14
"Noble, Nathan",JR-3,UC Riverside,11.15,3.8,SR-4,10.98,10.98
"Solomon, Matt",FR-1,Lehigh,11.15,1.1,SO-2,11.08,11.08
"Miller, Eric",JR-3,Grand Canyon,11.15,1.2,SR-4,10.85,10.85
"Collerton, Ben",SO-2,Texas State,11.15,3.0,JR-3,11.09,11.09
"Batler, Phillip",SO-2,Brown,11.16,-0.2,JR-3,11.11,11.11
"Rodgers, Nathan",JR-3,UNCW,11.16,0.1,SR-4,11.11,11.11
"Corley, Austin",JR-3,Wichita State,11.16,-1.3,SR-4,10.6,10.6
"Bethea, Devin",JR-3,VCU,11.16,1.5,SR-4,11.04,11.04
"Jackson, Emmanuel",JR-3,Virginia,11.16,-1.2,SR-4,10.97,10.97
"Nainggolan, Jonathan",SO-2,Navy,11.17,1.7,JR-3,10.95,10.95
"Harrison, Cole",FR-1,Eastern Washington,11.17,3.0,SO-2,11.04,11.04
"Mastrangeli, Kyle",SO-2,DePaul,11.18,2.1,JR-3,11.06,11.06
"Douglas, Andre",FR-1,UTSA,11.18,3.8,SO-2,11.1,11.1
"Hammond, Kameron",SO-2,South Carolina St.,11.19,2.3,JR-3,10.95,10.95
"Williams, Levi",FR-1,High Point,11.19,-1.8,SO-2,10.85,10.85
"Williams, Kendal",SO-2,Georgia,9.99,2.1,JR-3,9.99,9.99
"Bacon, Jaylen",JR-3,Arkansas State,10.0,2.0,SR-4,9.99,9.99
"Willis, Maxwell",FR-1,Baylor,10.03,3.8,SO-2,10.12,10.12
"Charleston, Cravont",FR-1,North Carolina St.,10.07,2.6,SO-2,10.21,10.21
"Oduduru, Divine",FR-1,Texas Tech,10.1,3.0,SO-2,10.1,10.1
"Greene, Cejhae",JR-3,Georgia,10.1,1.6,SR-4,10.14,10.14
"Burke, Mario",SO-2,Houston,10.17,2.7,JR-3,10.13,10.13
"DeMoss, Davon",SO-2,Memphis,10.17,3.0,JR-3,10.32,10.32
"Morris, Julius",JR-3,Western Kentucky,10.18,1.0,SR-4,10.12,10.12
"Miller, Jalen",JR-3,TCU,10.19,2.7,SR-4,10.29,10.29
"Piper, Aaron",JR-3,Stephen F. Austin,10.19,3.4,SR-4,10.37,10.37
"Cotton, Kenzo",JR-3,Arkansas,10.2,2.9,SR-4,10.12,10.12
"Larkins, Micah",SO-2,Northwestern St.,10.2,2.1,JR-3,10.02,10.02
"James, Amir",JR-3,Northwestern St.,10.2,2.9,SR-4,10.12,10.12
"Ferguson, Emeilo",JR-3,TCU,10.2,4.0,SR-4,10.4,10.4
"Quinn, Devin",SO-2,Illinois,10.2,2.0,JR-3,10.11,10.11
"Brock, TJ",FR-1,USC,10.21,2.1,SO-2,10.21,10.21
"Titi, Ncincilili",JR-3,South Carolina,10.21,2.2,SR-4,10.16,10.16
"Clark, Ryan",SO-2,Florida,10.22,1.8,JR-3,10.16,10.16
"Montgomery, Hakim",SO-2,Troy,10.22,2.7,JR-3,10.3,10.3
"Amoah, Joseph",FR-1,Coppin State,10.24,2.5,SO-2,10.2,10.2
"Chambers, Raheem",FR-1,Auburn,10.24,1.8,SO-2,10.1,10.1
"Smith, Terrell",JR-3,Kansas State,10.24,2.7,SR-4,10.25,10.25
"Burrell, Cameron",JR-3,Houston,10.25,2.0,SR-4,10.24,10.24
"Rodgers, Derrius",FR-1,Illinois State,10.26,2.2,SO-2,10.42,10.42
"Lewis III, John",SO-2,Houston,10.27,3.8,JR-3,10.13,10.13
"Timpson, Jr, Michael",SO-2,Florida,10.27,3.4,JR-3,10.25,10.25
"Simpson, Damarcus",JR-3,Oregon,10.27,2.2,SR-4,10.14,10.14
"Fair, Kareem",JR-3,Bethune-Cookman,10.28,2.9,SR-4,10.22,10.22
"Rowe, Rodney",SO-2,N. Carolina A&T,10.28,3.4,JR-3,10.22,10.22
"Davenport, Michael",FR-1,Virginia Tech,10.28,2.6,SO-2,10.56,10.56
"Carson, Cra'Vorkian",JR-3,Southern Miss.,10.29,1.0,SR-4,10.3,10.215
"Parmley, Tristan",JR-3,Indiana State,10.29,2.2,SR-4,10.34,10.34
"Charles, Ja'Maun",SO-2,Washington St.,10.29,2.2,JR-3,10.41,10.41
"Thomas, Joel",JR-3,N. Carolina A&T,10.3,1.0,SR-4,10.32,10.32
"Jefferson, Chris",SO-2,Sam Houston St.,10.31,1.1,JR-3,10.08,10.08
"Graves, Caulin",FR-1,Drake,10.31,2.2,SO-2,10.73,10.73
"Dorsey, Fred",JR-3,Kentucky,10.31,3.2,SR-4,10.37,10.37
"Davis, Josh",SO-2,Alabama State,10.32,2.7,JR-3,10.19,10.19
"Barnum, Alexander",FR-1,USC,10.32,0.9,SO-2,10.29,10.29
"Williams, Mustaqeem",SO-2,Tennessee,10.33,0.7,JR-3,10.12,10.12
"Ejiakuekwu, Roy",SO-2,Arkansas,10.34,2.9,JR-3,10.48,10.48
"Clarke, Edward",SO-2,Florida State,10.34,1.5,JR-3,10.44,10.44
"Brown, Clark",FR-1,BYU,10.34,0.3,SO-2,10.34,10.34
"Kirby, Bryce",SO-2,Boise State,10.34,2.3,JR-3,10.53,10.53
"Smith, Xavier",JR-3,Penn State,10.35,0.3,SR-4,10.32,10.32
"Wilson, O'Shea",JR-3,Iowa,10.35,0.1,SR-4,10.39,10.39
"Styles, Therius",JR-3,Coastal Carolina,10.37,2.7,SR-4,10.47,10.47
"Sourapas, Christian",SO-2,USC,10.37,0.9,JR-3,10.64,10.64
"Smith, Tyler",SO-2,McNeese State,10.37,3.0,JR-3,10.32,10.32
"Williams, Gawain",JR-3,South Dakota,10.38,1.9,SR-4,10.26,10.26
"Crenshaw, Khoury",JR-3,Michigan,10.38,0.9,SR-4,10.42,10.42
"Resais , Cliff",JR-3,SE Louisiana,10.38,1.6,SR-4,10.23,10.23
"Lacy, Khalil",FR-1,Stephen F. Austin,10.38,3.4,SO-2,10.53,10.53
"Minor, Eli",JR-3,Western Kentucky,10.39,1.0,SR-4,10.27,10.27
"Hislop, Akanni",FR-1,LSU,10.39,2.3,SO-2,10.4,10.305
"Comick, Jace",FR-1,Texas A&M,10.39,3.2,SO-2,10.33,10.33
"Taylor, Isaiah",SO-2,Miami,10.4,2.6,JR-3,10.37,10.37
"Omoera, Samuel",SO-2,Prairie View,10.4,2.1,JR-3,10.76,10.76
"Tait, Emmanuel",FR-1,Samford,10.4,0.3,SO-2,10.2,10.2
"Green, DeTorrian",JR-3,Alabama A&M,10.41,2.1,SR-4,10.34,10.34
"Gray, Nick",SO-2,Ohio State,10.41,0.3,JR-3,10.43,10.43
"Prejean, Cameron",SO-2,Houston,10.41,4.0,JR-3,10.46,10.46
"Wilson, Malik",JR-3,Baylor,10.42,2.7,SR-4,10.38,10.38
"Moffett, Malik",JR-3,Penn State,10.42,0.5,SR-4,10.37,10.37
"Schrage, Harrison",FR-1,Arkansas,10.42,2.5,SO-2,10.6,10.6
"Bolden, Cameron",FR-1,Kennesaw State,10.42,2.7,SO-2,10.37,10.37
"Smith, Kwadarrius",JR-3,Akron,10.42,1.7,SR-4,10.29,10.29
"Johnson, Tyrell",SR-4,Arizona,10.42,2.8,SR-4,10.41,10.41
"Williams, Caleb",SO-2,LIU Brooklyn,10.44,2.2,JR-3,10.7,10.7
"Lee, Winston",JR-3,Syracuse,10.44,2.6,SR-4,10.47,10.47
"Ford, Alize",FR-1,Alabama,10.44,3.2,SO-2,10.35,10.35
"Ross, Elijah",JR-3,Arkansas State,10.44,2.0,SR-4,10.25,10.25
"Williams, Waseem",FR-1,Purdue,10.44,2.9,SO-2,10.1,10.1
"Kemp, Jamal",SO-2,Houston Baptist,10.45,1.0,SR-4,10.56,10.56
"Hunter, Jeremiah",FR-1,Miami (Ohio),10.45,3.3,SO-2,10.55,10.55
"Spears, Tyson",FR-1,Georgia Tech,10.45,1.0,SO-2,10.55,10.55
"Wesley, Bennie",JR-3,Oklahoma,10.46,2.7,SR-4,10.48,10.48
"Webb, Jonathan",FR-1,Minnesota,10.46,2.8,SO-2,10.64,10.64
"Latson, Joel",FR-1,Texas Tech,10.46,3.8,SO-2,10.55,10.55
"Henderson, Bryan",FR-1,Sam Houston St.,10.47,3.7,SO-2,10.58,10.58
"Menchaca, Zach",SO-2,Cornell,10.47,3.2,JR-3,10.54,10.54
"Pride Jr., Troy",FR-1,Notre Dame,10.47,2.6,SO-2,10.5,10.5
"Antonio, Leighton",JR-3,Eastern Michigan,10.48,3.1,SR-4,10.5,10.503333333333332
"Webb, Jackson",FR-1,Oklahoma,10.48,2.7,SO-2,10.42,10.42
"Bailey, Henrick",JR-3,Bethune-Cookman,10.49,2.0,SR-4,10.57,10.57
"Vaughns, Vincent",FR-1,Yale,10.49,3.4,SO-2,10.5,10.5
"Williams, Deontae",JR-3,N.C. Central,10.49,2.7,SR-4,10.59,10.59
"Slone, Taron",JR-3,Akron,10.49,3.1,SR-4,10.47,10.47
"Walker, Chadayne",SO-2,UMKC,10.5,2.1,JR-3,10.81,10.81
"Page, Seth",FR-1,Texas A&M,10.5,3.7,JR-3,10.81,10.81
"Braxton, Ian",FR-1,Baylor,10.5,4.0,SO-2,10.58,10.58
"Saluri, Karl",JR-3,Georgia,10.5,3.4,SR-4,10.52,10.52
"White, Desean",JR-3,Morgan State,10.51,2.5,SR-4,10.48,10.48
"Haynes, Deontre",SO-2,UT-Arlington,10.51,2.0,JR-3,10.33,10.33
"James, Tre",FR-1,Southern Utah,10.51,3.8,SO-2,10.35,10.35
"Sims, Ben",SO-2,Army West Point,10.51,1.6,JR-3,10.55,10.55
"Zenner, Sam",FR-1,South Dakota St.,10.51,1.9,SO-2,10.6,10.6
"Gunnarsson, Kolbeinn",FR-1,Memphis,10.51,3.1,SO-2,10.68,10.68
"Flynn, Justin",SR-4,Boston U.,10.51,2.5,SR-4,10.39,10.39
"Bush, William",SO-2,Western Kentucky,10.52,0.8,JR-3,10.52,10.52
"Richemond, Alexander",JR-3,Southern Miss.,10.52,1.0,SR-4,10.47,10.47
"Singleton, Darrell",FR-1,South Carolina,10.53,0.4,SO-2,10.41,10.41
"Azu-Irondi, Sike",JR-3,UC Santa Barbara,10.53,2.2,SR-4,10.57,10.57
"Jewell, Zachary",FR-1,Central Arkansas,10.53,2.1,SO-2,10.46,10.46
"Elam, Alex",SO-2,South Alabama,10.53,3.0,JR-3,10.33,10.33
"Jordan, Deshaun",JR-3,Illinois State,10.54,2.2,SR-4,10.8,10.8
"Carder, Jordan",SO-2,Utah Valley,10.54,3.8,JR-3,10.65,10.65
"Watkins, Darius",JR-3,Virginia Tech,10.54,2.7,SR-4,10.8,10.58
"Maat, Molefi",JR-3,Illinois,10.54,0.4,SR-4,10.44,10.516666666666667
"Belcher, Christopher",JR-3,N. Carolina A&T,10.07,1.9,SR-4,9.99,9.99
"Givans, Senoj-Jay",JR-3,Texas,10.08,3.0,SR-4,10.13,10.13
"Mitchell-Blake, Nethaneel",JR-3,LSU,10.09,1.0,SR-4,9.99,9.99
"Coleman, Christian",SO-2,Tennessee,10.11,0.8,JR-3,9.93,9.93
"Burrell, Cameron",SO-2,Houston,10.16,1.9,JR-3,10.25,10.25
"Bacon, Jaylen",SO-2,Arkansas State,10.25,1.5,JR-3,10.0,10.0
"Clark, Ryan",FR-1,Florida,10.26,1.7,SO-2,10.22,10.22
"Williams, Gawain",SO-2,South Dakota,10.26,2.9,JR-3,10.38,10.38
"Carnes, Brandon",JR-3,Northern Iowa,10.27,3.2,SR-4,9.97,9.97
"Burke, Mario",FR-1,Houston,10.27,-1.4,SO-2,10.17,10.17
"Clarke, Edward",SO-2,Florida State,10.27,2.4,SO-2,10.34,10.34
"Cotton, Kenzo",SO-2,Arkansas,10.28,1.0,JR-3,10.2,10.2
"Larkins, Micah",FR-1,Northwestern St.,10.28,2.0,SO-2,10.2,10.2
"Mutanga, Tinashe",JR-3,LSU,10.29,1.2,SR-4,10.38,10.38
"Morris, Julius",SO-2,Western Kentucky,10.29,2.7,JR-3,10.18,10.18
"Acy, Tremayne",JR-3,LSU,10.29,1.0,SR-4,10.13,10.215
"Titi, Ncincilili",SO-2,South Carolina,10.29,1.2,JR-3,10.21,10.21
"Montgomery, Hakim",FR-1,Troy,10.3,1.5,SO-2,10.22,10.22
"Gray, Nick",FR-1,Ohio State,10.3,3.0,SO-2,10.41,10.41
"Tsumba, Tatenda",JR-3,BYU,10.3,1.1,SR-4,10.18,10.18
"James, Amir",SO-2,Northwestern St.,10.31,2.1,JR-3,10.2,10.2
"Rowe, Rodney",FR-1,N. Carolina A&T,10.31,2.3,SO-2,10.28,10.28
"Larry, Lorenzo",JR-3,Wisconsin,10.31,2.5,SR-4,10.34,10.34
"Anumnu, Charles",JR-3,Texas,10.32,3.0,SR-4,10.23,10.23
"Smith, Terrell",SO-2,Kansas State,10.33,2.0,JR-3,10.24,10.24
"Williams, Mustaqeem",FR-1,Tennessee,10.33,1.0,SO-2,10.33,10.33
"Winters, Jr, David",JR-3,South Carolina,10.34,1.7,SR-4,10.3,10.3
"Armstrong, Traveyon",JR-3,Oklahoma,10.35,1.6,SR-4,10.36,10.36
"Johnson, Zach",JR-3,Air Force,10.37,2.6,SR-4,10.41,10.41
"Timpson, Jr, Michael",FR-1,Florida,10.37,0.2,SO-2,10.27,10.27
"Piper, Aaron",SO-2,Stephen F. Austin,10.37,3.7,JR-3,10.19,10.19
"Hamilton, Kenshard",JR-3,Kentucky,10.4,2.5,SR-4,10.29,10.29
"Smith, Kwadarrius",SO-2,Akron,10.4,2.4,JR-3,10.42,10.42
"Powell, Leon",SO-2,UCLA,10.41,1.4,JR-3,10.26,10.26
"Bozmans, Raymond",JR-3,TCU,10.41,1.2,SR-4,10.43,10.43
"Menchaca, Zach",FR-1,Cornell,10.41,1.7,SO-2,10.47,10.47
"Wilson, Malik",SO-2,Baylor,10.41,3.3,JR-3,10.42,10.42
"Harris III, Robert",JR-3,Albany,10.42,2.9,SR-4,10.39,10.39
"Hines, Nyheim",FR-1,North Carolina St.,10.42,2.4,SO-2,10.34,10.34
"Maat, Molefi",SO-2,Illinois,10.42,2.7,JR-3,10.54,10.54
"Quinn, Devin",FR-1,Illinois,10.42,2.9,SO-2,10.2,10.2
"Brissett, Christian",FR-1,Iowa,10.43,1.6,SO-2,10.43,10.43
"Tchenawou, Kossi",SO-2,Northern Arizona,10.43,1.6,JR-3,10.37,10.37
"Sims, Ben",FR-1,Army West Point,10.43,2.0,SO-2,10.51,10.51
"Charles, Ja'Maun",FR-1,Washington St.,10.44,-0.6,SO-2,10.29,10.29
"Dorsey, Fred",SO-2,Kentucky,10.46,2.2,JR-3,10.31,10.31
"Buckley, William",JR-3,Appalachian State,10.46,1.5,SR-4,10.47,10.375
"Morrow, Elijah",SO-2,Texas A&M,10.47,2.3,JR-3,10.45,10.45
"Lee, Winston",SO-2,Syracuse,10.47,2.4,JR-3,10.44,10.44
"Washington, Josh",JR-3,Arkansas,10.47,2.0,SR-4,10.29,10.29
"DeMoss, Davon",FR-1,Memphis,10.47,-0.7,SO-2,10.17,10.17
"Styles, Therius",SO-2,Coastal Carolina,10.47,2.5,JR-3,10.37,10.37
"Smith, Tyler",FR-1,McNeese State,10.47,3.3,SO-2,10.37,10.37
"Brazil, Jeryl",JR-3,UL-Lafayette,10.47,1.6,JR-3,10.53,10.53
"Raymond, Ayodeji",JR-3,George Mason,10.48,3.2,SR-4,10.53,10.503333333333332
"Crawford, Lawrence",FR-1,Miss State,10.48,0.8,SO-2,9.97,9.97
"White, Desean",SO-2,Morgan State,10.49,1.5,JR-3,10.51,10.51
"Crenshaw, Khoury",SO-2,Michigan,10.49,4.0,JR-3,10.38,10.38
"Lewis III, John",FR-1,Houston,10.49,2.7,SO-2,10.27,10.27
"Fair, Kareem",SO-2,Bethune-Cookman,10.5,1.9,JR-3,10.28,10.28
"Watkins, Darius",SO-2,Virginia Tech,10.5,1.5,JR-3,10.54,10.54
"Martin, Jacarias",FR-1,Houston,10.5,-1.4,SO-2,10.4,10.4
"Porter, Demarcus",SO-2,Texas State,10.51,-0.1,JR-3,10.53,10.53
"Gabriel, Caleb",JR-3,N. Carolina A&T,10.52,2.1,SR-4,10.18,10.18
"Wesley, Bennie",SO-2,Oklahoma,10.52,1.6,JR-3,10.46,10.465
"Green, Phillip",FR-1,Texas State,10.52,1.2,SO-2,10.54,10.54
"Alkins, Jon",JR-3,Binghamton,10.52,2.8,SR-4,10.52,10.52
"Williams, Cameron",JR-3,Boston U.,10.53,1.5,SR-4,10.54,10.54
"Smith, Xavier",SO-2,Penn State,10.53,3.5,JR-3,10.35,10.35
"Mustard, Alex",SO-2,Montana,10.53,2.1,JR-3,10.41,10.41
"Ejiakuekwu, Roy",FR-1,Arkansas,10.53,-1.1,SO-2,10.34,10.34
"Kirby, Bryce",FR-1,Boise State,10.54,2.6,SO-2,10.34,10.34
"Flowers, Darrion",FR-1,TCU,10.54,1.2,SO-2,10.23,10.23
"Carter, Hanoj",JR-3,UL-Lafayette,10.55,1.8,SR-4,10.19,10.19
"Neumann, Brad",JR-3,Minnesota,10.55,3.0,JR-3,10.44,10.44
"Kemp, Jamal",SO-2,Houston Baptist,10.65,2.6,SO-2,10.45,10.45
"Haynes, Deontre",FR-1,UT-Arlington,10.66,2.7,SO-2,10.51,10.51
"Lawrence, Hakeem",SO-2,Akron,10.66,2.2,SR-4,10.22,10.22
"Robinson, Jamal",JR-3,Eastern Illinois,10.57,2.4,SR-4,10.34,10.34
"Henderson, Deandre",JR-3,SE Louisiana,10.71,2.0,SR-4,10.53,10.53
"Bailey, Henrick",SR-4,Bethune-Cookman,10.62,2.5,JR-3,10.49,10.49
"Shelton, Demetrius",SO-2,Drake,10.58,2.2,SR-4,10.52,10.52
"Davis, Josh",FR-1,Alabama State,10.58,2.3,SO-2,10.32,10.32
"Moore, Matthew",JR-3,East Tenn. St.,10.58,-0.9,SR-4,10.46,10.46
"Saluri, Karl",SO-2,Georgia,10.66,1.3,JR-3,10.5,10.5
"Parmley, Tristan",FR-1,Indiana State,10.67,3.2,JR-3,10.29,10.29
"Hayes, Jaz",JR-3,Loyola (Ill.),10.67,2.4,SR-4,10.46,10.46
"Hester, Tevin",JR-3,Clemson,9.87,2.1,SR-4,9.99,9.99
"Teeters, John",JR-3,Oklahoma State,9.98,3.5,JR-3,10.16,10.16
"Robinson, Bryce",JR-3,Tulsa,9.99,3.7,SR-4,10.56,10.56
"Baker, Ronnie",JR-3,TCU,9.99,3.5,SR-4,9.95,9.95
"Givans, Senoj-Jay",SO-2,Texas,10.02,3.5,JR-3,10.08,10.08
"Bacon, Jaylen",FR-1,Arkansas State,10.1,1.7,SO-2,10.25,10.25
"Carnes, Brandon",SO-2,Northern Iowa,10.1,3.0,JR-3,10.27,10.27
"Eaddy, Maurice",SO-2,N. Carolina A&T,10.11,1.5,JR-3,10.27,10.27
"Acy, Tremayne",SO-2,LSU,10.12,3.3,JR-3,10.29,10.29
"James, Jamol",JR-3,Arizona State,10.15,1.9,SR-4,10.42,10.42
"Coleman, Christian",FR-1,Tennessee,10.19,2.8,SO-2,10.11,10.11
"Lawson, Jarrion",JR-3,Arkansas,10.19,0.4,SR-4,10.19,10.19
"Carter, Hanoj",SO-2,UL-Lafayette,10.2,1.0,JR-3,10.55,10.55
"Woodson, Markesh",JR-3,Missouri,10.21,2.3,SR-4,10.13,10.13
"Jenkins, Justin",JR-3,Sam Houston St.,10.24,1.4,SR-4,10.36,10.364999999999998
"Kemp, Demek",FR-1,South Carolina St.,10.25,-1.6,SO-2,10.37,10.364999999999998
"Harrington, James",JR-3,Iowa,10.26,1.5,SR-4,10.42,10.42
"Rodney, Brendon",JR-3,LIU Brooklyn,10.28,0.9,SR-4,10.27,10.27
"Gabriel, Caleb",SO-2,N. Carolina A&T,10.29,1.0,JR-3,10.52,10.52
"Smith, Terrell",FR-1,Kansas State,10.3,3.2,SO-2,10.33,10.33
"Anumnu, Charles",SO-2,Texas,10.3,3.3,JR-3,10.32,10.32
"Buckley, William",SO-2,Appalachian State,10.3,1.6,JR-3,10.46,10.46
"Ali, Ahmed",JR-3,Alabama,10.3,2.8,SR-4,10.27,10.27
"Hicks, Jermey",SO-2,Louisiana Tech,10.31,2.6,JR-3,10.23,10.23
"Saucer, Vinnie",SO-2,Iowa,10.31,2.2,JR-3,10.36,10.36
"Cotton, Kenzo",FR-1,Arkansas,10.32,2.3,SO-2,10.28,10.28
"Watts, Sam",JR-3,TCU,10.32,2.7,SR-4,10.27,10.27
"Fisher, James",SO-2,Northern Arizona,10.33,3.8,JR-3,10.52,10.52
"Bluth, Parker",JR-3,Utah State,10.34,2.6,SR-4,10.2,10.2
"Jenkins, Devin",JR-3,Texas A&M,10.34,2.8,SR-4,10.22,10.22
"Muhammad, Khalfani",SO-2,California,10.35,2.8,JR-3,10.5,10.5
"Brown, Raheem",JR-3,SE Louisiana,10.35,2.6,SR-4,10.62,10.62
"Armstrong, Traveyon",SO-2,Oklahoma,10.36,1.3,JR-3,10.35,10.35
"Smith, Teray",SO-2,Auburn,10.36,0.4,JR-3,10.33,10.33
"Wright, Antwan",JR-3,Florida,10.37,2.3,SR-4,10.5,10.5
"Gordon, Wayne",SR-4,Kent State,10.38,0.7,SR-4,10.44,10.44
"Powell, Leon",FR-1,UCLA,10.38,0.4,SO-2,10.41,10.41
"Lloyd, Antoine",FR-1,Nebraska,10.38,2.2,SO-2,10.53,10.53
"Strup, Chris",JR-3,Loyola (Ill.),10.39,3.0,SR-4,10.6,10.6
"Washington, Marqueze",JR-3,Arkansas,10.39,1.8,SR-4,10.19,10.19
"Eliphar, Alton",JR-3,FIU,10.41,0.6,JR-3,10.33,10.43
"Taylor, Nicholas",JR-3,Utah Valley,10.41,0.8,SR-4,10.18,10.18
"Sartor-Francis, Jordan",JR-3,Navy,10.41,0.6,SR-4,10.53,10.43
"Maat, Molefi",FR-1,Illinois,10.42,2.2,SO-2,10.42,10.42
"VanAssche, Jeremy",FR-1,Eastern Washington,10.42,3.7,SO-2,10.31,10.31
"Quarles, Frank",SO-2,N. Carolina A&T,10.42,2.9,JR-3,10.52,10.52
"Fair, Kareem",FR-1,Bethune-Cookman,10.42,1.0,SO-2,10.5,10.5
"Wesley, Bennie",FR-1,Oklahoma,10.43,2.1,SO-2,10.52,10.675
"James, Amir",FR-1,Northwestern St.,10.43,1.4,SO-2,10.31,10.31
"Addison, Jonathan",JR-3,North Carolina St.,10.44,2.1,SR-4,10.43,10.43
"Collins, Leshon",JR-3,Houston,10.44,1.6,SR-4,10.15,10.15
"House, James",FR-1,High Point,10.45,3.4,SO-2,10.49,10.49
"Bozmans, Raymond",SO-2,TCU,10.45,0.2,JR-3,10.41,10.41
"Pinder, Tadashi",JR-3,Alabama,10.46,1.5,SR-4,10.28,10.375
"Denmark, Kahlim",FR-1,Coastal Carolina,10.47,3.4,SO-2,10.51,10.51
"Williams, Cameron",SO-2,Boston U.,10.48,0.6,JR-3,10.53,10.53
"Jackson, Adoree",FR-1,USC,10.48,0.6,SO-2,10.35,10.35
"Reis-Herron, Joseph",JR-3,Oral Roberts,10.48,3.2,SR-4,10.48,10.503333333333332
"Williams, Gawain",FR-1,South Dakota,10.49,1.8,SO-2,10.26,10.26
"Ananaba, Otugo",SO-2,Tulsa,10.49,2.3,JR-3,10.6,10.6
"DeLoach, Josh",JR-3,Colorado St.,10.5,0.1,SR-4,10.32,10.32
"Brandt-Sims, Isaiah",FR-1,Stanford,10.5,2.3,SO-2,10.73,10.73
"Porter, Demarcus",FR-1,Texas State,10.51,1.7,SO-2,10.51,10.51
"Boey, Johnathan",FR-1,Eastern Illinois,10.51,1.5,JR-3,10.56,10.56
"Johnson, Zach",SO-2,Air Force,10.51,3.2,JR-3,10.37,10.37
"Zallow, Carl",FR-1,Youngstown St.,10.51,2.2,SO-2,10.51,10.45
"White, Malcolm",FR-1,Nebraska,10.52,0.3,SO-2,10.2,10.2
"Brazil, Jeryl",SO-2,UL-Lafayette,10.52,1.6,JR-3,10.47,10.465
"Redwine, Ja'Karyus",JR-3,Western Kentucky,10.53,1.7,SR-4,10.5,10.5
"Crenshaw, Khoury",FR-1,Michigan,10.53,0.1,SO-2,10.49,10.49
"Harris III, Robert",SO-2,Albany,10.53,2.5,JR-3,10.42,10.42
"Vincent, Pierce",JR-3,Drake,10.53,3.0,SR-4,10.26,10.309999999999999
"Wilson, Malik",FR-1,Baylor,10.54,1.9,SO-2,10.41,10.41
"Underwood, Isiah",JR-3,Arizona State,10.54,2.7,SR-4,10.36,10.58
"Grant, Jonathan",FR-1,Kent State,10.54,0.7,SO-2,10.51,10.51
"Bynum, Anthony",JR-3,Charlotte,10.54,0.2,SR-4,10.38,10.38
"Savoy, Jasper",JR-3,Hampton,10.55,-2.0,SR-4,10.51,10.51
"Selph, Sharod",FR-1,Oklahoma State,10.55,1.1,SR-4,10.61,10.61
"Neumann, Brad",SO-2,Minnesota,10.55,-1.7,JR-3,10.55,10.55
"Oye, Ini-Oluwa",SO-2,Kentucky,10.55,1.4,JR-3,10.62,10.62
"Cunningham, Quashawn",FR-1,North Carolina St.,10.55,0.6,SO-2,10.33,10.33
"Styles, Therius",FR-1,Coastal Carolina,10.56,2.6,SO-2,10.47,10.47
"Robinson, Jamal",SO-2,Eastern Illinois,10.56,1.0,JR-3,10.57,10.57
"Green, Ryan",JR-3,Arkansas,10.56,1.3,SR-4,10.48,10.48
"Rocha, Rodrigo",JR-3,Miss State,10.56,0.4,SR-4,10.37,10.37
"HEARD, Collin",SO-2,North Texas,10.56,1.4,JR-3,10.58,10.58
"Dasor, Emmanuel",SO-2,Western Kentucky,10.56,0.3,SR-4,10.38,10.38
"Dukes, Tyquan",JR-3,LIU Brooklyn,10.57,-0.1,SR-4,10.52,10.52
"Morrow, Elijah",FR-1,Texas A&M,10.57,1.4,SO-2,10.47,10.530000000000001
"Langley, Brendan",FR-1,Lamar,10.57,1.4,SO-2,10.59,10.530000000000001
"Caudle, Trevon",JR-3,Stephen F. Austin,10.58,1.5,SR-4,10.7,10.7
"Watkins, Darius",FR-1,Virginia Tech,10.58,2.1,SO-2,10.5,10.5
"Enslen, Devin",FR-1,Navy,10.58,0.6,SO-2,10.49,10.49
"Strickland, Cornelius",JR-3,Indiana,10.58,0.0,SR-4,10.42,10.42
"Piper, Aaron",SO-2,Stephen F. Austin,10.69,2.8,SO-2,10.37,10.37
"Satterwhite, Quadelle",JR-3,Washington,10.59,2.3,SR-4,10.6,10.615
"Ilunga-Matthiesen, Christian",JR-3,Eastern Illinois,10.59,2.1,JR-3,10.52,10.52
"Arnett, James",JR-3,Houston,10.61,2.3,SR-4,10.51,10.51
"Smith, Xavier",FR-1,Penn State,10.61,3.0,SO-2,10.53,10.53
"Lane, Jared",JR-3,Northeastern,10.64,3.6,SR-4,10.51,10.51
"George, Aaron",SO-2,Texas State,10.64,2.6,JR-3,10.52,10.52
"Scott, Rafael",FR-1,South Alabama,10.71,-2.1,SO-2,10.35,10.35
"Paulino, Brailin",FR-1,Cornell,10.65,3.2,SO-2,10.58,10.58
"Raymond, Ayodeji",SO-2,George Mason,10.6,-2.0,JR-3,10.48,10.48
"Jones, Jeffrey",JR-3,South Carolina St.,10.6,1.8,JR-3,10.74,10.655000000000001
"Darrow, Kyle",SO-2,Northeastern,10.6,1.9,JR-3,10.51,10.51
"Antonio, Leighton",FR-1,Youngstown St.,10.6,2.2,JR-3,10.47,10.47
"SOWELLS, Kedron",JR-3,North Texas,10.6,1.8,SR-4,10.57,10.655000000000001
"Dunbar, Rajee",JR-3,Rutgers,10.73,-0.6,SR-4,10.68,10.68
"Anumnu, Carlton",SO-2,Texas,10.63,2.8,JR-3,10.52,10.52
"Johnson, Darien",JR-3,Buffalo,10.63,3.2,SR-4,10.48,10.48
"Williams, Jonathan",SO-2,N.C. Central,10.62,2.3,JR-3,10.6,10.55
"Murray, Kaishon",SR-4,Charleston Southern,10.62,3.1,SR-4,10.56,10.56
"Ebiweh, Bismarck",FR-1,UL-Lafayette,10.67,1.4,SO-2,10.63,10.63
"Chambers, Terrance",JR-3,Washington St.,10.84,0.1,SR-4,10.72,10.72
"McClam, Joshua",JR-3,N.C. Central,10.88,3.6,JR-3,10.63,10.63
"Willis, Christian",JR-3,Northwestern St.,11.01,1.3,SR-4,10.74,10.74
"Sicard, Lloyd",SO-2,UC Irvine,11.05,1.5,JR-3,10.76,10.76
"Dillon, Matt",JR-3,South Alabama,11.05,1.3,SR-4,11.07,11.07
"Tran, Lane",SO-2,Cal St. Fullerton,11.73,1.3,JR-3,11.9,11.9
"Pham, Oliver",JR-3,UC Irvine,11.69,-1.0,SR-4,11.57,11.57
